w4026635;A003;IP;Status;10.96.20.;00:19:99:bf:e6:8f
w4051695;A003;IP;Status;10.96.20.;90:1b:0e:a4:c2:4d
w4047850;A009;IP;Status;10.96.20.;90:1b:0e:65:b2:32
w4026686;A101;IP;Status;10.96.20.;00:19:99:c6:54:e4
w4026636;A102;IP;Status;10.96.20.;00:19:99:c6:4f:7e
w4026662;A102;IP;Status;10.96.20.;00:19:99:c6:77:ff
w4047924;A103;IP;Status;10.96.20.;90:1b:0e:65:b2:6a
w4026698;A104;IP;Status;10.96.20.;00:19:99:d0:4b:62
w4026675;A106;IP;Status;10.96.20.;00:19:99:c6:4f:77
w4026687;A106;IP;Status;10.96.20.;00:19:99:c6:78:6a
w4047919;A107;IP;Status;10.96.20.;90:1b:0e:65:b2:53
w4026676;A108;IP;Status;10.96.20.;00:19:99:c6:4f:75
w4034347;A108;IP;Status;10.96.20.;90:1b:0e:02:aa:1d
w4033144;A201;IP;Status;10.96.20.;00:19:99:d3:1b:cb
w4034264;A201;IP;Status;10.96.20.;90:1b:0e:02:ac:26
w4033133;A202;IP;Status;10.96.20.;00:19:99:d3:84:88
w4033151;A202;IP;Status;10.96.20.;00:19:99:d3:1c:15
w4033123;A204;IP;Status;10.96.20.;00:19:99:d3:1b:ca
w4034262;A204;IP;Status;10.96.20.;90:1b:0e:02:ac:28
w4034373;A204;IP;Status;10.96.20.;00:19:99:f3:6f:a0
w4031901;A206;IP;Status;10.96.20.;00:19:99:d3:88:f5
w4034992;A206;IP;Status;10.96.20.;00:19:99:e1:9d:a3
w4031887;A207;IP;Status;10.96.20.;00:19:99:d3:88:cb
w4033120;A207;IP;Status;10.96.20.;00:19:99:d3:1c:66
w4033131;A208;IP;Status;10.96.20.;00:19:99:d3:1b:fa
w4034259;A208;IP;Status;10.96.20.;90:1b:0e:02:ac:2f
w4034255;A302;IP;Status;10.96.20.;90:1b:0e:02:ac:00
w4051697;A302;IP;Status;10.96.20.;90:1b:0e:a4:c2:59
w4031898;A303;IP;Status;10.96.20.;00:19:99:d3:88:c0
w4033130;A303;IP;Status;10.96.20.;00:19:99:d3:1b:c1
w4033137;A304;IP;Status;10.96.20.;00:19:99:d3:87:8c
w4034253;A306;IP;Status;10.96.20.;90:1b:0e:02:ac:3e
w4033143;A307;IP;Status;10.96.20.;00:19:99:d3:28:d0
w4033147;A307;IP;Status;10.96.20.;00:19:99:d3:1b:cd
w4033142;A308;IP;Status;10.96.20.;00:19:99:d3:1b:e1
w4047865;A403;IP;Status;10.96.20.;90:1b:0e:65:b2:87
w4034247;A407;IP;Status;10.96.20.;90:1b:0e:02:ac:17
w4031893;A408;IP;Status;10.96.20.;00:19:99:d3:88:e9
w4033136;A408;IP;Status;10.96.20.;00:19:99:e9:24:76
w4033126;A409;IP;Status;10.96.20.;00:19:99:d3:1c:67
w4031892;A503;IP;Status;10.96.20.;00:19:99:d3:88:f3
w4033119;A503;IP;Status;10.96.20.;00:19:99:d3:1b:e7
w4033125;A503;IP;Status;10.96.20.;00:19:99:d3:1c:4b
w4033132;A503;IP;Status;10.96.20.;00:19:99:d2:01:fb
w4033135;A503;IP;Status;10.96.20.;00:19:99:d3:49:32
w4033140;A503;IP;Status;10.96.20.;00:19:99:d3:88:fe
w4033146;A503;IP;Status;10.96.20.;00:19:99:d3:42:f0
w4033148;A503;IP;Status;10.96.20.;00:19:99:d3:87:94
w4033150;A503;IP;Status;10.96.20.;00:19:99:d3:1b:d9
w4033919;A503;IP;Status;10.96.20.;90:1b:0e:02:ad:65
w4034245;A503;IP;Status;10.96.20.;90:1b:0e:02:ac:39
w4034248;A503;IP;Status;10.96.20.;90:1b:0e:02:ab:f9
w4034249;A503;IP;Status;10.96.20.;00:19:99:f7:13:17
w4034251;A503;IP;Status;10.96.20.;90:1b:0e:02:ac:47
w4034252;A503;IP;Status;10.96.20.;90:1b:0e:02:ac:27
w4034261;A503;IP;Status;10.96.20.;90:1b:0e:02:ac:41
w4034263;A503;IP;Status;10.96.20.;90:1b:0e:02:ac:43
w4027124;A505;IP;Status;00.00.00;00:19:99:a9:f1:00
w4031889;A505;IP;Status;00.00.00;00:19:99:d3:88:ca
w4031891;A505;IP;Status;00.00.00;00:19:99:d3:84:9b
w4033121;A505;IP;Status;00.00.00;00:19:99:d3:1b:cc
w4033124;A505;IP;Status;00.00.00;00:19:99:d3:1b:c9
w4033127;A505;IP;Status;00.00.00;00:19:99:d3:1d:fb
w4033128;A505;IP;Status;00.00.00;00:19:99:d3:1c:3c
w4033129;A505;IP;Status;00.00.00;00:19:99:d3:88:fc
w4033138;A505;IP;Status;00.00.00;00:19:99:d3:88:f2
w4033139;A505;IP;Status;00.00.00;00:19:99:d3:88:fa
w4033145;A505;IP;Status;00.00.00;00:19:99:d3:87:8e
w4033149;A505;IP;Status;00.00.00;00:19:99:d3:1b:c2
w4033922;A505;IP;Status;00.00.00;90:1b:0e:02:ac:2b
w4034250;A505;IP;Status;00.00.00;90:1b:0e:02:ac:46
w4034258;A505;IP;Status;00.00.00;90:1b:0e:02:ac:25
w4034260;A505;IP;Status;00.00.00;90:1b:0e:02:ac:29
w4034313;A505;IP;Status;00.00.00;90:1b:0e:04:24:98
w4034352;A505;IP;Status;00.00.00;90:1b:0e:02:a9:0c
w4047717;B216;IP;Status;10.96.19.;90:1b:0e:65:b2:1d
w4047721;B216;IP;Status;10.96.19.;90:1b:0e:66:70:3a
w4047723;B216;IP;Status;10.96.19.;90:1b:0e:66:71:92
w4047726;B216;IP;Status;10.96.19.;90:1b:0e:66:70:56
w4047727;B216;IP;Status;10.96.19.;90:1b:0e:65:b5:59
w4047733;B216;IP;Status;10.96.19.;90:1b:0e:65:76:a4
w4047734;B216;IP;Status;10.96.19.;90:1b:0e:65:b2:8c
w4047737;B216;IP;Status;10.96.19.;90:1b:0e:66:71:fa
w4047740;B216;IP;Status;10.96.19.;90:1b:0e:65:b2:5a
w4047757;B216;IP;Status;10.96.19.;90:1b:0e:65:b2:6f
w4047763;B216;IP;Status;10.96.19.;90:1b:0e:65:b5:22
w4047764;B216;IP;Status;10.96.19.;90:1b:0e:5f:77:5f
w4047773;B216;IP;Status;10.96.19.;90:1b:0e:65:b1:e9
w4047774;B216;IP;Status;10.96.19.;90:1b:0e:65:b2:49
w4047777;B216;IP;Status;10.96.19.;90:1b:0e:66:70:44
w4047779;B216;IP;Status;10.96.19.;90:1b:0e:66:70:51
w4047783;B216;IP;Status;10.96.19.;90:1b:0e:66:70:68
w4047785;B216;IP;Status;10.96.19.;90:1b:0e:66:70:93
w4047788;B216;IP;Status;10.96.19.;90:1b:0e:66:70:e5
w4047794;B216;IP;Status;10.96.19.;90:1b:0e:66:70:61
w4047796;B216;IP;Status;10.96.19.;90:1b:0e:66:70:94
w4047802;B216;IP;Status;10.96.19.;90:1b:0e:66:70:85
w4047804;B216;IP;Status;10.96.19.;90:1b:0e:66:70:86
w4047805;B216;IP;Status;10.96.19.;90:1b:0e:66:70:65
w4047851;B216;IP;Status;10.96.19.;90:1b:0e:65:b2:34
w4047858;B216;IP;Status;10.96.19.;90:1b:0e:65:b2:3d
w4047863;B216;IP;Status;10.96.19.;90:1b:0e:65:b2:a9
w4047864;B216;IP;Status;10.96.19.;90:1b:0e:65:b5:14
w4047866;B216;IP;Status;10.96.19.;90:1b:0e:65:b2:91
w4047918;B216;IP;Status;10.96.19.;90:1b:0e:65:b2:2a
w4047921;B216;IP;Status;10.96.19.;90:1b:0e:65:b2:19
w4051665;B216;IP;Status;10.96.19.;90:1b:0e:a4:c2:4b
w4033118;B317;IP;Status;10.96.20.;00:19:99:d3:1b:c3
w4034257;B317;IP;Status;10.96.20.;90:1b:0e:02:ac:44
w4033921;B319;IP;Status;10.96.20.;90:1b:0e:03:f1:b1
w4026653;C123;IP;Status;00.00.00;00:19:99:c6:78:51
w4047922;C124;IP;Status;00.00.00;90:1b:0e:66:70:8a
w4033122;C223;IP;Status;00.00.00;00:19:99:d3:1b:cf
w4026628;C224;IP;Status;00.00.00;00:19:99:c6:4f:76
w4034254;C227;IP;Status;00.00.00;90:1b:0e:02:ac:49
w4031890;C228;IP;Status;00.00.00;00:19:99:d3:88:c1
w4026633;D001;IP;Status;00.00.00;00:19:99:c6:77:6b
w4033134;D001;IP;Status;00.00.00;00:19:99:d3:84:a6
w4034256;D001;IP;Status;00.00.00;90:1b:0e:02:ac:18
w4026679;D005;IP;Status;10.96.21.;00:19:99:c6:4f:71
w4026691;D007;IP;Status;00.00.00;00:19:99:c6:77:e5
w4026697;D007;IP;Status;00.00.00;00:19:99:c6:78:45
w4026632;D138;IP;Status;00.00.00;00:19:99:c6:77:72
w4042949;D139;IP;Status;00.00.00;90:1b:0e:11:36:71
w4026646;D141;IP;Status;10.96.21.;00:19:99:c6:77:6f
w4026657;D141;IP;Status;10.96.21.;00:19:99:c6:77:f9
w4026658;D141;IP;Status;10.96.21.;00:19:99:c6:77:f5
w4026663;D141;IP;Status;10.96.21.;00:19:99:c6:78:6e
w4026669;D141;IP;Status;10.96.21.;00:19:99:c6:77:fe
w4026672;D141;IP;Status;10.96.21.;00:19:99:c6:78:6d
w4026626;D142/D143;IP;Status;10.96.21.;00:19:99:c6:4f:7f
w4026627;D142/D143;IP;Status;10.96.21.;00:19:99:c6:4f:72
w4026629;D142/D143;IP;Status;10.96.21.;00:19:99:c6:4f:91
w4026634;D142/D143;IP;Status;10.96.21.;00:19:99:c6:77:6e
w4026643;D142/D143;IP;Status;10.96.21.;00:19:99:c6:77:70
w4026649;D142/D143;IP;Status;10.96.21.;00:19:99:c6:77:6d
w4026650;D142/D143;IP;Status;10.96.21.;00:19:99:c6:77:5f
w4026660;D142/D143;IP;Status;10.96.21.;00:19:99:c6:77:f8
w4026661;D142/D143;IP;Status;10.96.21.;00:19:99:c6:77:f0
w4026680;D142/D143;IP;Status;10.96.21.;00:19:99:c6:4f:6d
w4026688;D142/D143;IP;Status;10.96.21.;00:19:99:c6:77:e6
w4026690;D142/D143;IP;Status;10.96.21.;00:19:99:c6:77:e4
w4026693;D142/D143;IP;Status;10.96.21.;00:19:99:c6:78:46
w4026695;D142/D143;IP;Status;10.96.21.;00:19:99:c6:78:3e
w4026696;D142/D143;IP;Status;10.96.21.;00:19:99:c6:77:62
w4051671;D142/D143;IP;Status;10.96.21.;90:1b:0e:a4:c1:ef
w4026637;D142/D143;IP;Status;10.96.21.;00:19:99:c6:4f:79
w4026639;D142/D143;IP;Status;10.96.21.;00:19:99:c6:77:68
w4026640;D142/D143;IP;Status;10.96.21.;00:19:99:c6:77:74
w4026641;D142/D143;IP;Status;10.96.21.;00:19:99:c6:77:79
w4026644;D142/D143;IP;Status;10.96.21.;00:19:99:c6:77:6a
w4026648;D142/D143;IP;Status;10.96.21.;00:19:99:c6:77:65
w4026651;D142/D143;IP;Status;10.96.21.;00:19:99:c6:77:66
w4026654;D142/D143;IP;Status;10.96.21.;00:19:99:c6:77:67
w4026655;D142/D143;IP;Status;10.96.21.;00:19:99:c6:77:63
w4026664;D142/D143;IP;Status;10.96.21.;00:19:99:c6:77:fa
w4026665;D142/D143;IP;Status;10.96.21.;00:19:99:c6:78:01
w4026666;D142/D143;IP;Status;10.96.21.;00:19:99:c6:78:00
w4026671;D142/D143;IP;Status;10.96.21.;00:19:99:c6:78:1c
w4026677;D142/D143;IP;Status;10.96.21.;00:19:99:c6:4f:6c
w4026689;D142/D143;IP;Status;10.96.21.;00:19:99:c6:77:ea
w4026694;D142/D143;IP;Status;10.96.21.;00:19:99:c6:78:b5
w4051663;D142/D143;IP;Status;10.96.21.;90:1b:0e:a4:c1:f8
w4047725;D144;IP;Status;10.96.21.;90:1b:0e:66:70:52
w4047732;D144;IP;Status;10.96.21.;90:1b:0e:65:b2:69
w4047741;D144;IP;Status;10.96.21.;90:1b:0e:66:70:41
w4047770;D144;IP;Status;10.96.21.;90:1b:0e:65:b1:ed
w4047784;D144;IP;Status;10.96.21.;90:1b:0e:66:70:7a
w4047789;D144;IP;Status;10.96.21.;90:1b:0e:66:70:62
w4047790;D144;IP;Status;10.96.21.;90:1b:0e:66:70:79
w4047793;D144;IP;Status;10.96.21.;90:1b:0e:66:70:b0
w4047797;D144;IP;Status;10.96.21.;90:1b:0e:66:70:84
w4047854;D144;IP;Status;10.96.21.;90:1b:0e:65:b2:1b
w4047856;D144;IP;Status;10.96.21.;90:1b:0e:65:b2:13
w4047860;D144;IP;Status;10.96.21.;90:1b:0e:65:b2:0f
w4047862;D144;IP;Status;10.96.21.;90:1b:0e:66:70:4f
w4047867;D144;IP;Status;10.96.21.;90:1b:0e:65:b2:0e
w4047920;D144;IP;Status;10.96.21.;90:1b:0e:66:70:80
w4047927;D144;IP;Status;10.96.21.;90:1b:0e:65:b4:c8
w4047928;D144;IP;Status;10.96.21.;90:1b:0e:65:b2:6b
w4026674;D236;IP;Status;10.96.21.;00:19:99:c6:4f:73
w4026630;D237;IP;Status;10.96.21.;00:19:99:bb:fd:65
w4033141;D238;IP;Status;10.96.21.;00:19:99:d3:8b:32
w4033920;D238;IP;Status;10.96.21.;90:1b:0e:03:f4:03
w4026681;D239;IP;Status;10.96.21.;00:19:99:c6:4f:6f
w4034246;D240;IP;Status;10.96.21.;90:1b:0e:02:ab:fc
w4026642;D241;IP;Status;10.96.21.;00:19:99:c6:77:73
w4034386;D242;IP;Status;10.96.21.;00:19:99:f3:6f:7d
w4047762;D242;IP;Status;10.96.21.;90:1b:0e:66:70:92
w4047798;D244;IP;Status;10.96.21.;90:1b:0e:87:a9:da
w4047855;D244;IP;Status;10.96.21.;90:1b:0e:65:b5:3d
w4026684;D245;IP;Status;10.96.21.;00:19:99:c6:77:e3
w4026668;D246;IP;Status;10.96.21.;00:19:99:c6:78:03
w4034325;D246;IP;Status;10.96.21.;90:1b:0e:02:a9:d9
w4026682;D331;IP;Status;10.96.21.;00:19:99:c6:77:ee
w4026683;D331;IP;Status;10.96.21.;00:19:99:c6:78:f0
w4026685;D331;IP;Status;10.96.21.;00:19:99:c6:4f:8b
w4026692;D331;IP;Status;10.96.21.;00:19:99:c6:77:cf
w4026647;D332;IP;Status;10.96.21.;00:19:99:c6:77:6c
w4026659;D332;IP;Status;10.96.21.;00:19:99:c6:77:ef
w4026667;D332;IP;Status;10.96.21.;00:19:99:c6:78:02
w4026678;D332;IP;Status;10.96.21.;00:19:99:c6:4f:78
w4034324;D332;IP;Status;10.96.21.;90:1b:0e:02:aa:48
w4026631;D333;IP;Status;10.96.21.;00:19:99:c6:78:3c
w4026670;D333;IP;Status;10.96.21.;00:19:99:c6:78:05
w4026638;D334;IP;Status;10.96.21.;00:19:99:c6:77:75
w4042476;D337;IP;Status;10.96.21.;90:1b:0e:11:36:f3
w4042479;D337;IP;Status;10.96.21.;90:1b:0e:11:36:bc
w4042486;D337;IP;Status;10.96.21.;90:1b:0e:11:36:9f
w4042488;D337;IP;Status;10.96.21.;90:1b:0e:11:36:9c
w4042489;D337;IP;Status;10.96.21.;90:1b:0e:11:36:a1
w4042935;D337;IP;Status;10.96.21.;90:1b:0e:11:36:b7
w4042936;D337;IP;Status;10.96.21.;90:1b:0e:11:36:ad
w4042937;D337;IP;Status;10.96.21.;90:1b:0e:11:37:04
w4042938;D337;IP;Status;10.96.21.;90:1b:0e:11:1d:99
w4042942;D337;IP;Status;10.96.21.;90:1b:0e:11:31:fd
w4042943;D337;IP;Status;10.96.21.;90:1b:0e:11:36:ab
w4042950;D337;IP;Status;10.96.21.;90:1b:0e:11:36:ae
w4042951;D337;IP;Status;10.96.21.;90:1b:0e:11:36:72
w4042952;D337;IP;Status;10.96.21.;90:1b:0e:11:36:cc
w4042955;D337;IP;Status;10.96.21.;90:1b:0e:11:36:73
w4047724;D338;IP;Status;10.96.21.;90:1b:0e:66:71:f6
w4047731;D338;IP;Status;10.96.21.;90:1b:0e:65:b5:24
w4047756;D338;IP;Status;10.96.21.;90:1b:0e:66:72:2b
w4047758;D338;IP;Status;10.96.21.;90:1b:0e:66:70:74
w4047778;D338;IP;Status;10.96.21.;90:1b:0e:65:b1:e3
w4047780;D338;IP;Status;10.96.21.;90:1b:0e:65:b2:88
w4047791;D338;IP;Status;10.96.21.;90:1b:0e:66:70:b1
w4047792;D338;IP;Status;10.96.21.;90:1b:0e:65:b1:fa
w4047800;D338;IP;Status;10.96.21.;90:1b:0e:66:70:8c
w4047803;D338;IP;Status;10.96.21.;90:1b:0e:66:70:7c
w4047857;D338;IP;Status;10.96.21.;90:1b:0e:65:b5:4b
w4047859;D338;IP;Status;10.96.21.;90:1b:0e:65:b4:b9
w4047861;D338;IP;Status;10.96.21.;90:1b:0e:65:17:70
w4047870;D338;IP;Status;10.96.21.;90:1b:0e:65:b2:aa
w4047917;D338;IP;Status;10.96.21.;90:1b:0e:65:b2:85
w4026652;D339;IP;Status;10.96.21.;00:19:99:c6:77:69
w4047720;D340;IP;Status;10.96.21.;90:1b:0e:65:b2:af
w4047728;D340;IP;Status;10.96.21.;90:1b:0e:66:70:40
w4047738;D340;IP;Status;10.96.21.;90:1b:0e:65:b5:10
w4047776;D340;IP;Status;10.96.21.;90:1b:0e:65:b2:95
w4047799;D340;IP;Status;10.96.21.;90:1b:0e:66:70:c8
w4047754;D401;IP;Status;10.96.97.;90:1b:0e:65:78:12
w4057682;D401;IP;Status;10.96.97.;90:1b:0e:ed:c4:f0
w4042475;D403;IP;Status;10.96.21.;90:1b:0e:11:36:d8
w4042482;D403;IP;Status;10.96.21.;90:1b:0e:11:36:b0
w4042934;D403;IP;Status;10.96.21.;90:1b:0e:11:36:d7
w4042939;D403;IP;Status;10.96.21.;90:1b:0e:11:36:e1
w4042941;D403;IP;Status;10.96.21.;90:1b:0e:11:37:06
w4042944;D403;IP;Status;10.96.21.;90:1b:0e:11:36:d9
w4042945;D403;IP;Status;10.96.21.;90:1b:0e:11:36:f4
w4042946;D403;IP;Status;10.96.21.;90:1b:0e:11:36:9a
w4042947;D403;IP;Status;10.96.21.;90:1b:0e:11:34:12
w4042948;D403;IP;Status;10.96.21.;90:1b:0e:11:36:e3
w4042953;D403;IP;Status;10.96.21.;90:1b:0e:11:36:9b
w4042954;D403;IP;Status;10.96.21.;90:1b:0e:11:36:c9
w4047722;D404/D405;IP;Status;10.96.21.;90:1b:0e:66:70:38
w4047729;D404/D405;IP;Status;10.96.21.;90:1b:0e:66:71:f9
w4047730;D404/D405;IP;Status;10.96.21.;90:1b:0e:65:b1:e5
w4047735;D404/D405;IP;Status;10.96.21.;90:1b:0e:66:71:8a
w4047736;D404/D405;IP;Status;10.96.21.;90:1b:0e:66:71:8c
w4047759;D404/D405;IP;Status;10.96.21.;90:1b:0e:65:b2:6d
w4047760;D404/D405;IP;Status;10.96.21.;90:1b:0e:66:71:e4
w4047767;D404/D405;IP;Status;10.96.21.;90:1b:0e:65:76:ba
w4047769;D404/D405;IP;Status;10.96.21.;90:1b:0e:66:70:3d
w4047771;D404/D405;IP;Status;10.96.21.;90:1b:0e:66:71:5f
w4047772;D404/D405;IP;Status;10.96.21.;90:1b:0e:65:75:7b
w4047775;D404/D405;IP;Status;10.96.21.;90:1b:0e:65:b2:29
w4047795;D404/D405;IP;Status;10.96.21.;90:1b:0e:66:70:b7
w4047869;D404/D405;IP;Status;10.96.21.;90:1b:0e:65:77:fa
w4047871;D404/D405;IP;Status;10.96.21.;90:1b:0e:65:b2:11
w4047923;D404/D405;IP;Status;10.96.21.;90:1b:0e:65:b2:48
w4047926;D404/D405;IP;Status;10.96.21.;90:1b:0e:65:b2:42
w4047718;D404/D405;IP;Status;10.96.21.;90:1b:0e:65:b2:5b
w4047719;D404/D405;IP;Status;10.96.21.;90:1b:0e:65:b2:64
w4047739;D404/D405;IP;Status;10.96.21.;90:1b:0e:65:b1:e4
w4047742;D404/D405;IP;Status;10.96.21.;90:1b:0e:65:b1:e6
w4047765;D404/D405;IP;Status;10.96.21.;90:1b:0e:66:70:48
w4047766;D404/D405;IP;Status;10.96.21.;90:1b:0e:5f:77:35
w4047768;D404/D405;IP;Status;10.96.21.;90:1b:0e:65:b2:02
w4047782;D404/D405;IP;Status;10.96.21.;90:1b:0e:65:b4:c2
w4047786;D404/D405;IP;Status;10.96.21.;90:1b:0e:66:70:7f
w4047787;D404/D405;IP;Status;10.96.21.;90:1b:0e:66:70:67
w4047801;D404/D405;IP;Status;10.96.21.;90:1b:0e:66:70:7e
w4047806;D404/D405;IP;Status;10.96.21.;90:1b:0e:66:70:70
w4047852;D404/D405;IP;Status;10.96.21.;90:1b:0e:65:b2:15
w4047853;D404/D405;IP;Status;10.96.21.;90:1b:0e:66:72:25
w4047868;D404/D405;IP;Status;10.96.21.;90:1b:0e:65:b1:e7
w4047925;D404/D405;IP;Status;10.96.21.;90:1b:0e:66:72:0d
w4026673;D406;IP;Status;10.96.21.;00:19:99:c6:77:fc
w4026656;E031;IP;Status;00.00.00;00:19:99:c6:78:04
w4047781;E231;IP;Status;00.00.00;90:1b:0e:65:b2:46
w4046992;F022;IP;Status;10.96.140.;90:1b:0e:65:79:16
w4040773;F106;IP;Status;10.96.140.;90:1b:0e:11:36:0f
w4040775;F106;IP;Status;10.96.140.;90:1b:0e:11:31:d5
w4040778;F106;IP;Status;10.96.140.;90:1b:0e:11:33:f5
w4040780;F106;IP;Status;10.96.140.;90:1b:0e:11:32:96
w4040782;F106;IP;Status;10.96.140.;90:1b:0e:11:32:4e
w4040783;F106;IP;Status;10.96.140.;90:1b:0e:11:32:4c
w4040784;F106;IP;Status;10.96.140.;90:1b:0e:11:31:ca
w4040787;F106;IP;Status;10.96.140.;90:1b:0e:11:31:e0
w4040789;F106;IP;Status;10.96.140.;90:1b:0e:11:33:dd
w4040791;F106;IP;Status;10.96.140.;90:1b:0e:11:31:bb
w4040793;F106;IP;Status;10.96.140.;90:1b:0e:11:33:f4
w4040795;F106;IP;Status;10.96.140.;90:1b:0e:11:32:3c
w4040801;F106;IP;Status;10.96.140.;90:1b:0e:11:32:4d
w4040805;F106;IP;Status;10.96.140.;90:1b:0e:11:32:51
w4040806;F106;IP;Status;10.96.140.;90:1b:0e:11:32:34
w4040832;F106;IP;Status;10.96.140.;90:1b:0e:11:36:de
w4040839;F106;IP;Status;10.96.140.;90:1b:0e:11:36:80
w4040799;F107;IP;Status;10.96.140.;90:1b:0e:11:32:33
w4030020;F113;IP;Status;10.96.140.;00:19:99:c6:4c:f3
w4030022;F116;IP;Status;10.96.140.;00:19:99:c6:4d:0f
w4027105;F119;IP;Status;10.96.140.;00:19:99:d3:87:cf
w4046993;F119;IP;Status;10.96.140.;90:1b:0e:65:17:cf
w4046994;F119;IP;Status;10.96.140.;90:1b:0e:65:78:4a
w4027116;F125;IP;Status;10.96.140.;00:19:99:d3:1c:30
w4026645;F127;IP;Status;10.96.97.;00:19:99:c6:77:71
w4041033;F205;IP;Status;10.96.97.;90:1b:0e:11:36:ea
w4034350;F206;IP;Status;10.96.97.;90:1b:0e:02:2b:91
w4047566;F206;IP;Status;10.96.97.;90:1b:0e:65:15:da
w4047567;F206;IP;Status;10.96.97.;90:1b:0e:65:79:0d
w4047569;F206;IP;Status;10.96.97.;90:1b:0e:65:79:1b
w4047571;F206;IP;Status;10.96.97.;90:1b:0e:65:79:02
w4047576;F206;IP;Status;10.96.97.;90:1b:0e:65:79:3e
w4047577;F206;IP;Status;10.96.97.;90:1b:0e:65:79:0e
w4047578;F206;IP;Status;10.96.97.;90:1b:0e:65:79:1e
w4047581;F206;IP;Status;10.96.97.;90:1b:0e:65:15:df
w4047582;F206;IP;Status;10.96.97.;90:1b:0e:65:16:09
w4047584;F206;IP;Status;10.96.97.;90:1b:0e:65:79:3d
w4047585;F206;IP;Status;10.96.97.;90:1b:0e:65:15:e2
w4047588;F206;IP;Status;10.96.97.;90:1b:0e:65:78:4c
w4047593;F206;IP;Status;10.96.97.;90:1b:0e:65:79:40
w4047594;F206;IP;Status;10.96.97.;90:1b:0e:65:79:00
w4047599;F206;IP;Status;10.96.97.;90:1b:0e:66:70:55
w4047600;F206;IP;Status;10.96.97.;90:1b:0e:66:70:8f
w4047608;F206;IP;Status;10.96.97.;90:1b:0e:66:70:59
w4047610;F206;IP;Status;10.96.97.;90:1b:0e:66:70:53
w4047611;F206;IP;Status;10.96.97.;90:1b:0e:65:b2:f8
w4047614;F206;IP;Status;10.96.97.;90:1b:0e:66:70:b5
w4047617;F206;IP;Status;10.96.97.;90:1b:0e:65:b2:6e
w4047749;F206;IP;Status;10.96.97.;90:1b:0e:65:77:fc
w4047755;F206;IP;Status;10.96.97.;90:1b:0e:65:78:10
w4027620;F207;IP;Status;10.96.97.;00:19:99:c6:75:5d
w4040800;F212;IP;Status;10.96.140.;90:1b:0e:11:31:c7
w4026902;F213;IP;Status;10.96.140.;00:19:99:d3:87:d5
w4027077;F213;IP;Status;10.96.140.;00:19:99:d3:87:e8
w4027090;F213;IP;Status;10.96.140.;00:19:99:d3:87:7d
w4027091;F213;IP;Status;10.96.140.;00:19:99:d3:87:df
w4027093;F213;IP;Status;10.96.140.;00:19:99:d3:87:4d
w4027098;F213;IP;Status;10.96.140.;00:19:99:d3:87:6b
w4027110;F213;IP;Status;10.96.140.;00:19:99:d3:87:ca
w4029164;F213;IP;Status;10.96.140.;00:19:99:cc:93:91
w4029166;F213;IP;Status;10.96.140.;00:19:99:cc:94:0f
w4030012;F213;IP;Status;10.96.140.;00:19:99:c6:4c:a6
w4030016;F213;IP;Status;10.96.140.;00:19:99:c6:4c:85
w4030023;F213;IP;Status;10.96.140.;00:19:99:c6:4c:87
w4030027;F213;IP;Status;10.96.140.;00:19:99:c6:4e:9d
w4030028;F213;IP;Status;10.96.140.;00:19:99:c6:4c:a3
w4030030;F213;IP;Status;10.96.140.;00:19:99:c6:4d:19
w4030031;F213;IP;Status;10.96.140.;00:19:99:c6:4d:15
w4026894;F215;IP;Status;10.96.140.;00:19:99:d3:87:82
w4030025;F215;IP;Status;10.96.140.;00:19:99:c6:50:a6
w4030008;F219;IP;Status;10.96.140.;00:19:99:c6:4c:f0
w4026896;F220/F221;IP;Status;10.96.140.;00:19:99:d3:43:74
w4027076;F220/F221;IP;Status;10.96.140.;00:19:99:d3:87:e2
w4027079;F220/F221;IP;Status;10.96.140.;00:19:99:d3:87:de
w4027080;F220/F221;IP;Status;10.96.140.;00:19:99:d3:89:02
w4027081;F220/F221;IP;Status;10.96.140.;00:19:99:d3:89:03
w4027083;F220/F221;IP;Status;10.96.140.;00:19:99:d3:84:aa
w4027087;F220/F221;IP;Status;10.96.140.;00:19:99:d3:84:7c
w4027113;F220/F221;IP;Status;10.96.140.;00:19:99:d3:87:e6
w4027119;F220/F221;IP;Status;10.96.140.;00:19:99:d3:87:ce
w4029171;F220/F221;IP;Status;10.96.140.;00:19:99:cc:93:dd
w4030010;F220/F221;IP;Status;10.96.140.;00:19:99:c6:4d:0d
w4030013;F220/F221;IP;Status;10.96.140.;00:19:99:c6:4c:a0
w4030014;F220/F221;IP;Status;10.96.140.;00:19:99:c6:4c:d8
w4030015;F220/F221;IP;Status;10.96.140.;00:19:99:c6:4c:d7
w4030017;F220/F221;IP;Status;10.96.140.;00:19:99:c6:4d:00
w4030018;F220/F221;IP;Status;10.96.140.;00:19:99:c6:4c:8b
w4030026;F220/F221;IP;Status;10.96.140.;00:19:99:c6:50:9f
w4030029;F220/F221;IP;Status;10.96.140.;00:19:99:c6:4d:01
w4040774;F220/F221;IP;Status;10.96.140.;90:1b:0e:11:32:48
w4051650;F220/F221;IP;Status;10.96.140.;90:1b:0e:a4:c2:2f
w4026884;F220/F221;IP;Status;10.96.140.;00:19:99:d3:84:76
w4026885;F220/F221;IP;Status;10.96.140.;00:19:99:d3:89:08
w4027074;F220/F221;IP;Status;10.96.140.;00:19:99:d3:46:7c
w4027075;F220/F221;IP;Status;10.96.140.;00:19:99:d3:25:ad
w4027085;F220/F221;IP;Status;10.96.140.;00:19:99:d0:67:26
w4027092;F220/F221;IP;Status;10.96.140.;00:19:99:d3:87:d6
w4027111;F220/F221;IP;Status;10.96.140.;00:19:99:d3:87:e9
w4027112;F220/F221;IP;Status;10.96.140.;00:19:99:d3:87:ea
w4027118;F220/F221;IP;Status;10.96.140.;00:19:99:d3:43:73
w4029155;F220/F221;IP;Status;10.96.140.;00:19:99:cc:93:ba
w4029165;F220/F221;IP;Status;10.96.140.;00:19:99:cc:93:e9
w4029169;F220/F221;IP;Status;10.96.140.;00:19:99:cc:93:92
w4029980;F220/F221;IP;Status;10.96.140.;00:19:99:c6:4e:3d
w4030009;F220/F221;IP;Status;10.96.140.;00:19:99:c6:4d:2d
w4030011;F220/F221;IP;Status;10.96.140.;00:19:99:c6:4c:88
w4030019;F220/F221;IP;Status;10.96.140.;00:19:99:c6:4c:83
w4030021;F220/F221;IP;Status;10.96.140.;00:19:99:c6:4d:0b
w4034351;F222;IP;Status;10.96.140.;90:1b:0e:02:aa:74
w4040776;F222;IP;Status;10.96.140.;90:1b:0e:11:33:d1
w4040777;F222;IP;Status;10.96.140.;90:1b:0e:11:32:50
w4040779;F222;IP;Status;10.96.140.;90:1b:0e:11:33:ca
w4040781;F222;IP;Status;10.96.140.;90:1b:0e:11:33:cb
w4040785;F222;IP;Status;10.96.140.;90:1b:0e:11:31:bd
w4040786;F222;IP;Status;10.96.140.;90:1b:0e:11:31:e3
w4040788;F222;IP;Status;10.96.140.;90:1b:0e:11:33:f2
w4040790;F222;IP;Status;10.96.140.;90:1b:0e:11:33:4b
w4040792;F222;IP;Status;10.96.140.;90:1b:0e:11:33:f9
w4040794;F222;IP;Status;10.96.140.;90:1b:0e:11:32:32
w4040796;F222;IP;Status;10.96.140.;90:1b:0e:11:32:4f
w4040797;F222;IP;Status;10.96.140.;90:1b:0e:11:31:d0
w4040798;F222;IP;Status;10.96.140.;90:1b:0e:11:33:f8
w4040802;F222;IP;Status;10.96.140.;90:1b:0e:11:34:b4
w4040803;F222;IP;Status;10.96.140.;90:1b:0e:11:32:13
w4040804;F222;IP;Status;10.96.140.;90:1b:0e:11:32:06
w4047568;F223;IP;Status;10.96.97.;90:1b:0e:65:79:1a
w4047609;F223;IP;Status;10.96.97.;90:1b:0e:66:70:ab
w4047606;F224;IP;Status;10.96.97.;90:1b:0e:65:b2:1c
w4027634;F226;IP;Status;10.96.97.;00:19:99:c4:09:63
w4027637;F226;IP;Status;10.96.97.;00:19:99:c4:09:56
w4043305;F226;IP;Status;10.96.97.;90:1b:0e:11:34:bd
w4053425;F305;IP;Status;10.96.97.;90:1b:0e:bb:2e:5f
w4053420;F307;IP;Status;10.96.97.;90:1b:0e:c0:ab:56
w4027624;F308;IP;Status;10.96.97.;00:19:99:c4:09:53
w4047562;F314;IP;Status;10.96.97.;90:1b:0e:65:16:57
w4047563;F314;IP;Status;10.96.97.;90:1b:0e:65:79:01
w4047564;F314;IP;Status;10.96.97.;90:1b:0e:65:79:2e
w4047574;F314;IP;Status;10.96.97.;90:1b:0e:65:79:0b
w4047575;F314;IP;Status;10.96.97.;90:1b:0e:65:15:fd
w4047580;F314;IP;Status;10.96.97.;90:1b:0e:65:78:d2
w4047586;F314;IP;Status;10.96.97.;90:1b:0e:65:79:08
w4047587;F314;IP;Status;10.96.97.;90:1b:0e:65:16:08
w4047590;F314;IP;Status;10.96.97.;90:1b:0e:65:15:dd
w4047591;F314;IP;Status;10.96.97.;90:1b:0e:65:79:07
w4047595;F314;IP;Status;10.96.97.;90:1b:0e:65:78:d4
w4047596;F314;IP;Status;10.96.97.;90:1b:0e:65:78:d5
w4047597;F314;IP;Status;10.96.97.;90:1b:0e:66:b0:3b
w4047601;F314;IP;Status;10.96.97.;90:1b:0e:66:71:90
w4047602;F314;IP;Status;10.96.97.;90:1b:0e:66:71:8f
w4047603;F314;IP;Status;10.96.97.;90:1b:0e:66:70:90
w4047607;F314;IP;Status;10.96.97.;90:1b:0e:65:b2:47
w4047612;F314;IP;Status;10.96.97.;90:1b:0e:65:b2:0a
w4047613;F314;IP;Status;10.96.97.;90:1b:0e:65:b3:4d
w4047615;F314;IP;Status;10.96.97.;90:1b:0e:66:70:5c
w4047747;F314;IP;Status;10.96.97.;90:1b:0e:65:77:c0
w4047750;F314;IP;Status;10.96.97.;90:1b:0e:65:77:bd
w4047751;F314;IP;Status;10.96.97.;90:1b:0e:65:17:8b
w4043413;F316;IP;Status;10.96.97.;90:1b:0e:11:32:d4
w4053422;F322;IP;Status;10.96.97.;90:1b:0e:c0:29:06
w4027619;F323;IP;Status;10.96.97.;00:19:99:c4:0d:c8
w4027629;F324;IP;Status;10.96.97.;00:19:99:c4:09:64
w4047746;F327;IP;Status;10.96.97.;90:1b:0e:65:77:e5
w4027636;F405;IP;Status;10.96.97.;00:19:99:c4:09:aa
w4047752;F406;IP;Status;10.96.97.;90:1b:0e:65:77:ec
w4027614;F407;IP;Status;10.96.97.;00:19:99:c4:0d:b9
w4027616;F408;IP;Status;10.96.97.;00:19:99:c4:09:30
w4053421;F409;IP;Status;10.96.97.;90:1b:0e:c0:28:c9
w4027635;F413;IP;Status;10.96.97.;00:19:99:c4:09:5c
w4047745;F413;IP;Status;10.96.97.;90:1b:0e:65:78:14
w4024284;F418;IP;Status;10.96.97.;00:19:99:be:1b:6d
w4034348;F418;IP;Status;10.96.97.;90:1b:0e:02:aa:54
w4041031;F418;IP;Status;10.96.97.;90:1b:0e:11:36:fd
w4047565;F418;IP;Status;10.96.97.;90:1b:0e:65:79:1c
w4047743;F418;IP;Status;10.96.97.;90:1b:0e:66:70:5a
w4052945;F418;IP;Status;10.96.97.;90:1b:0e:bb:c7:77
w4052946;F418;IP;Status;10.96.97.;90:1b:0e:cb:fd:a0
w4052947;F418;IP;Status;10.96.97.;90:1b:0e:bb:27:d0
w4052948;F418;IP;Status;10.96.97.;90:1b:0e:bb:c7:12
w4052949;F418;IP;Status;10.96.97.;90:1b:0e:bb:c8:6c
w4052950;F418;IP;Status;10.96.97.;90:1b:0e:c2:32:dd
w4052951;F418;IP;Status;10.96.97.;90:1b:0e:c6:e9:ca
w4052952;F418;IP;Status;10.96.97.;90:1b:0e:bb:c6:f9
w4052953;F418;IP;Status;10.96.97.;90:1b:0e:bb:c6:fa
w4052954;F418;IP;Status;10.96.97.;90:1b:0e:bb:28:a1
w4047570;F419;IP;Status;10.96.97.;90:1b:0e:65:16:32
w4047572;F419;IP;Status;10.96.97.;90:1b:0e:65:15:db
w4047573;F419;IP;Status;10.96.97.;90:1b:0e:65:16:04
w4047579;F419;IP;Status;10.96.97.;90:1b:0e:65:15:e0
w4047589;F419;IP;Status;10.96.97.;90:1b:0e:65:79:0a
w4047592;F419;IP;Status;10.96.97.;90:1b:0e:65:78:f2
w4047598;F419;IP;Status;10.96.97.;90:1b:0e:66:70:4a
w4047604;F419;IP;Status;10.96.97.;90:1b:0e:66:71:f1
w4047605;F419;IP;Status;10.96.97.;90:1b:0e:66:70:91
w4047616;F419;IP;Status;10.96.97.;90:1b:0e:66:70:57
w4047619;F419;IP;Status;10.96.97.;90:1b:0e:65:b1:e8
w4047744;F419;IP;Status;10.96.97.;90:1b:0e:65:77:ff
w4047748;F419;IP;Status;10.96.97.;90:1b:0e:65:18:0d
w4047753;F419;IP;Status;10.96.97.;90:1b:0e:65:78:0b
w4027630;F420;IP;Status;10.96.97.;00:19:99:c4:09:62
w4047618;F421;IP;Status;10.96.97.;90:1b:0e:65:b2:7b
w4053426;F422;IP;Status;10.96.97.;90:1b:0e:c0:ab:5a
w4053423;F423;IP;Status;10.96.97.;90:1b:0e:c0:29:6e
w4027632;F424;IP;Status;10.96.97.;00:19:99:c4:09:60
w4043315;F425;IP;Status;10.96.97.;90:1b:0e:11:32:49
w4041035;F426;IP;Status;10.96.97.;90:1b:0e:11:36:5a
w4043307;F428;IP;Status;10.96.97.;90:1b:0e:11:32:5a
w4027617;F504;IP;Status;10.96.97.;00:19:99:c4:09:55
w4027621;F504;IP;Status;10.96.97.;00:19:99:c4:09:58
w4041024;F504;IP;Status;10.96.97.;90:1b:0e:11:36:ed
w4041032;F504;IP;Status;10.96.97.;90:1b:0e:11:36:95
w4041034;F504;IP;Status;10.96.97.;90:1b:0e:11:36:59
w4041036;F504;IP;Status;10.96.97.;90:1b:0e:11:36:dc
w4041038;F504;IP;Status;10.96.97.;90:1b:0e:11:37:02
w4041039;F504;IP;Status;10.96.97.;90:1b:0e:11:36:ec
w4043298;F504;IP;Status;10.96.97.;90:1b:0e:11:33:f6
w4043299;F504;IP;Status;10.96.97.;90:1b:0e:11:32:29
w4043301;F504;IP;Status;10.96.97.;00:19:99:fd:45:8b
w4043302;F504;IP;Status;10.96.97.;90:1b:0e:11:32:43
w4043303;F504;IP;Status;10.96.97.;90:1b:0e:11:32:b6
w4043304;F504;IP;Status;10.96.97.;90:1b:0e:11:34:44
w4043306;F504;IP;Status;10.96.97.;90:1b:0e:11:32:b8
w4043308;F504;IP;Status;10.96.97.;90:1b:0e:11:32:82
w4043309;F504;IP;Status;10.96.97.;90:1b:0e:11:31:d6
w4043310;F504;IP;Status;10.96.97.;90:1b:0e:11:32:83
w4043311;F504;IP;Status;10.96.97.;90:1b:0e:11:32:7e
w4043312;F504;IP;Status;10.96.97.;90:1b:0e:11:32:2a
w4043313;F504;IP;Status;10.96.97.;90:1b:0e:11:33:d8
w4043314;F504;IP;Status;10.96.97.;90:1b:0e:11:32:81
w4043317;F504;IP;Status;10.96.97.;90:1b:0e:11:32:7b
w4043318;F504;IP;Status;10.96.97.;90:1b:0e:11:32:46
w4043319;F504;IP;Status;10.96.97.;90:1b:0e:11:32:7c
w4043320;F504;IP;Status;10.96.97.;90:1b:0e:11:34:b3
w4043321;F504;IP;Status;10.96.97.;90:1b:0e:11:33:f3
w4043414;F504;IP;Status;10.96.97.;90:1b:0e:11:31:d9
w4041028;F505;IP;Status;10.96.97.;90:1b:0e:11:36:57
w4027631;F506;IP;Status;10.96.97.;00:19:99:c4:09:5a
w4027626;F508;IP;Status;10.96.97.;00:19:99:c4:0d:c9
w4027622;F521;IP;Status;10.96.97.;00:19:99:cc:86:81
w4027628;F521;IP;Status;10.96.97.;00:19:99:c4:09:4c
w4027618;F522;IP;Status;10.96.97.;00:19:99:ad:11:18
w4043300;F523;IP;Status;10.96.97.;90:1b:0e:11:35:1e
w4043316;F523;IP;Status;10.96.97.;90:1b:0e:11:32:b7
w4027625;F524;IP;Status;10.96.97.;00:19:99:c4:09:32
w4027633;F524;IP;Status;10.96.97.;00:19:99:c4:09:57
w4047583;F525;IP;Status;10.96.97.;90:1b:0e:65:78:d1
w4027623;F526;IP;Status;10.96.97.;00:19:99:c4:09:67
w4027627;F527;IP;Status;10.96.97.;00:19:99:c4:09:54
w4021527;FBIB;IP;Status;10.96.97.;18:a9:05:32:57:59
w4046991;FGAS;IP;Status;10.96.140.;90:1b:0e:65:79:12
w4047564;F226;IP;Status;10.96.97.;00:19:99:bf:e6:8f
